DATE,STATE,unemp_rate
2020-01-01,AL,3.2
2020-02-01,AL,3.3
2020-03-01,AL,3.4
2020-04-01,AL,13.8
2020-05-01,AL,10.4
2020-06-01,AL,8.6
2020-07-01,AL,7.5
2020-08-01,AL,6.3
2020-09-01,AL,5.9
2020-10-01,AL,5.2
2020-11-01,AL,4.8
2020-12-01,AL,4.5
2021-01-01,AL,4.2
2021-02-01,AL,3.9
2021-03-01,AL,3.8
2021-04-01,AL,3.7
2021-05-01,AL,3.5
2021-06-01,AL,3.5
2021-07-01,AL,3.3
2021-08-01,AL,3.2
2021-09-01,AL,3.0
2021-10-01,AL,2.9
2021-11-01,AL,2.8
2021-12-01,AL,2.7
2022-01-01,AL,2.6
2022-02-01,AL,2.6
2022-03-01,AL,2.6
2022-04-01,AL,2.5
2022-05-01,AL,2.5
2022-06-01,AL,2.5
2022-07-01,AL,2.5
2022-08-01,AL,2.5
2022-09-01,AL,2.5
2022-10-01,AL,2.5
2022-11-01,AL,2.5
2022-12-01,AL,2.4
2020-01-01,AK,5.4
2020-02-01,AK,5.5
2020-03-01,AK,5.5
2020-04-01,AK,11.7
2020-05-01,AK,11.8
2020-06-01,AK,11.2
2020-07-01,AK,11.1
2020-08-01,AK,8.6
2020-09-01,AK,7.9
2020-10-01,AK,7.3
2020-11-01,AK,7.1
2020-12-01,AK,7.1
2021-01-01,AK,7.0
2021-02-01,AK,7.0
2021-03-01,AK,7.0
2021-04-01,AK,7.0
2021-05-01,AK,6.8
2021-06-01,AK,6.8
2021-07-01,AK,6.4
2021-08-01,AK,6.2
2021-09-01,AK,5.9
2021-10-01,AK,5.7
2021-11-01,AK,5.5
2021-12-01,AK,5.3
2022-01-01,AK,5.2
2022-02-01,AK,4.8
2022-03-01,AK,4.5
2022-04-01,AK,4.3
2022-05-01,AK,4.2
2022-06-01,AK,4.1
2022-07-01,AK,4.0
2022-08-01,AK,3.8
2022-09-01,AK,3.9
2022-10-01,AK,4.0
2022-11-01,AK,4.0
2022-12-01,AK,4.0
2020-01-01,AZ,4.8
2020-02-01,AZ,4.8
2020-03-01,AZ,4.9
2020-04-01,AZ,13.8
2020-05-01,AZ,11.2
2020-06-01,AZ,9.8
2020-07-01,AZ,8.9
2020-08-01,AZ,7.9
2020-09-01,AZ,7.5
2020-10-01,AZ,7.0
2020-11-01,AZ,6.7
2020-12-01,AZ,6.6
2021-01-01,AZ,6.4
2021-02-01,AZ,6.2
2021-03-01,AZ,6.0
2021-04-01,AZ,5.8
2021-05-01,AZ,5.5
2021-06-01,AZ,5.3
2021-07-01,AZ,5.0
2021-08-01,AZ,4.6
2021-09-01,AZ,4.3
2021-10-01,AZ,4.1
2021-11-01,AZ,3.9
2021-12-01,AZ,3.7
2022-01-01,AZ,3.7
2022-02-01,AZ,3.6
2022-03-01,AZ,3.6
2022-04-01,AZ,3.6
2022-05-01,AZ,3.7
2022-06-01,AZ,3.7
2022-07-01,AZ,3.8
2022-08-01,AZ,3.9
2022-09-01,AZ,4.0
2022-10-01,AZ,4.0
2022-11-01,AZ,3.9
2022-12-01,AZ,3.8
2020-01-01,AR,3.5
2020-02-01,AR,3.6
2020-03-01,AR,4.9
2020-04-01,AR,10.1
2020-05-01,AR,8.9
2020-06-01,AR,7.9
2020-07-01,AR,7.3
2020-08-01,AR,6.4
2020-09-01,AR,6.0
2020-10-01,AR,5.4
2020-11-01,AR,5.2
2020-12-01,AR,5.0
2021-01-01,AR,4.9
2021-02-01,AR,4.8
2021-03-01,AR,4.7
2021-04-01,AR,4.5
2021-05-01,AR,4.4
2021-06-01,AR,4.2
2021-07-01,AR,3.9
2021-08-01,AR,3.7
2021-09-01,AR,3.5
2021-10-01,AR,3.4
2021-11-01,AR,3.3
2021-12-01,AR,3.2
2022-01-01,AR,3.2
2022-02-01,AR,3.2
2022-03-01,AR,3.2
2022-04-01,AR,3.1
2022-05-01,AR,3.2
2022-06-01,AR,3.2
2022-07-01,AR,3.2
2022-08-01,AR,3.3
2022-09-01,AR,3.3
2022-10-01,AR,3.3
2022-11-01,AR,3.2
2022-12-01,AR,3.1
2020-01-01,CA,4.3
2020-02-01,CA,4.4
2020-03-01,CA,5.5
2020-04-01,CA,16.1
2020-05-01,CA,15.8
2020-06-01,CA,13.8
2020-07-01,CA,13.2
2020-08-01,CA,11.9
2020-09-01,CA,10.0
2020-10-01,CA,9.3
2020-11-01,CA,9.0
2020-12-01,CA,9.0
2021-01-01,CA,8.7
2021-02-01,CA,8.6
2021-03-01,CA,8.4
2021-04-01,CA,8.3
2021-05-01,CA,7.9
2021-06-01,CA,7.8
2021-07-01,CA,7.4
2021-08-01,CA,7.0
2021-09-01,CA,6.5
2021-10-01,CA,6.1
2021-11-01,CA,5.7
2021-12-01,CA,5.5
2022-01-01,CA,5.2
2022-02-01,CA,4.8
2022-03-01,CA,4.4
2022-04-01,CA,4.2
2022-05-01,CA,4.1
2022-06-01,CA,4.0
2022-07-01,CA,3.9
2022-08-01,CA,3.8
2022-09-01,CA,4.0
2022-10-01,CA,4.2
2022-11-01,CA,4.3
2022-12-01,CA,4.4
2020-01-01,CO,3.0
2020-02-01,CO,3.2
2020-03-01,CO,3.3
2020-04-01,CO,11.2
2020-05-01,CO,11.7
2020-06-01,CO,11.2
2020-07-01,CO,6.5
2020-08-01,CO,6.2
2020-09-01,CO,6.3
2020-10-01,CO,6.2
2020-11-01,CO,6.2
2020-12-01,CO,6.4
2021-01-01,CO,6.3
2021-02-01,CO,6.3
2021-03-01,CO,6.2
2021-04-01,CO,6.2
2021-05-01,CO,5.9
2021-06-01,CO,5.9
2021-07-01,CO,5.6
2021-08-01,CO,5.3
2021-09-01,CO,4.9
2021-10-01,CO,4.6
2021-11-01,CO,4.4
2021-12-01,CO,4.2
2022-01-01,CO,4.0
2022-02-01,CO,3.6
2022-03-01,CO,3.3
2022-04-01,CO,3.1
2022-05-01,CO,3.0
2022-06-01,CO,2.8
2022-07-01,CO,2.7
2022-08-01,CO,2.6
2022-09-01,CO,2.8
2022-10-01,CO,2.9
2022-11-01,CO,3.0
2022-12-01,CO,3.0
2020-01-01,CT,3.8
2020-02-01,CT,3.8
2020-03-01,CT,3.9
2020-04-01,CT,8.3
2020-05-01,CT,11.8
2020-06-01,CT,11.5
2020-07-01,CT,11.7
2020-08-01,CT,9.6
2020-09-01,CT,8.8
2020-10-01,CT,7.9
2020-11-01,CT,7.5
2020-12-01,CT,7.4
2021-01-01,CT,7.1
2021-02-01,CT,7.1
2021-03-01,CT,7.0
2021-04-01,CT,7.1
2021-05-01,CT,6.9
2021-06-01,CT,6.8
2021-07-01,CT,6.5
2021-08-01,CT,6.2
2021-09-01,CT,5.9
2021-10-01,CT,5.6
2021-11-01,CT,5.3
2021-12-01,CT,5.1
2022-01-01,CT,4.9
2022-02-01,CT,4.6
2022-03-01,CT,4.4
2022-04-01,CT,4.3
2022-05-01,CT,4.1
2022-06-01,CT,4.0
2022-07-01,CT,3.9
2022-08-01,CT,3.8
2022-09-01,CT,3.8
2022-10-01,CT,3.8
2022-11-01,CT,3.8
2022-12-01,CT,3.7
2020-01-01,DE,3.6
2020-02-01,DE,3.6
2020-03-01,DE,5.0
2020-04-01,DE,13.1
2020-05-01,DE,13.4
2020-06-01,DE,12.7
2020-07-01,DE,7.5
2020-08-01,DE,7.3
2020-09-01,DE,7.5
2020-10-01,DE,5.1
2020-11-01,DE,5.3
2020-12-01,DE,5.6
2021-01-01,DE,5.7
2021-02-01,DE,5.8
2021-03-01,DE,5.9
2021-04-01,DE,5.9
2021-05-01,DE,5.9
2021-06-01,DE,5.8
2021-07-01,DE,5.6
2021-08-01,DE,5.4
2021-09-01,DE,5.2
2021-10-01,DE,5.0
2021-11-01,DE,4.8
2021-12-01,DE,4.7
2022-01-01,DE,4.6
2022-02-01,DE,4.4
2022-03-01,DE,4.3
2022-04-01,DE,4.2
2022-05-01,DE,4.2
2022-06-01,DE,4.2
2022-07-01,DE,4.1
2022-08-01,DE,4.1
2022-09-01,DE,4.2
2022-10-01,DE,4.2
2022-11-01,DE,4.2
2022-12-01,DE,4.1
2020-01-01,FL,3.0
2020-02-01,FL,3.0
2020-03-01,FL,4.1
2020-04-01,FL,13.4
2020-05-01,FL,14.2
2020-06-01,FL,11.8
2020-07-01,FL,11.8
2020-08-01,FL,8.8
2020-09-01,FL,8.1
2020-10-01,FL,7.1
2020-11-01,FL,6.6
2020-12-01,FL,6.4
2021-01-01,FL,5.9
2021-02-01,FL,5.6
2021-03-01,FL,5.4
2021-04-01,FL,5.2
2021-05-01,FL,4.9
2021-06-01,FL,4.9
2021-07-01,FL,4.6
2021-08-01,FL,4.4
2021-09-01,FL,4.1
2021-10-01,FL,3.9
2021-11-01,FL,3.8
2021-12-01,FL,3.6
2022-01-01,FL,3.5
2022-02-01,FL,3.3
2022-03-01,FL,3.2
2022-04-01,FL,3.1
2022-05-01,FL,3.0
2022-06-01,FL,2.9
2022-07-01,FL,2.8
2022-08-01,FL,2.8
2022-09-01,FL,2.8
2022-10-01,FL,2.9
2022-11-01,FL,2.8
2022-12-01,FL,2.8
2020-01-01,GA,3.5
2020-02-01,GA,3.6
2020-03-01,GA,3.7
2020-04-01,GA,12.4
2020-05-01,GA,9.8
2020-06-01,GA,8.4
2020-07-01,GA,7.6
2020-08-01,GA,6.7
2020-09-01,GA,6.4
2020-10-01,GA,5.5
2020-11-01,GA,5.3
2020-12-01,GA,5.1
2021-01-01,GA,4.8
2021-02-01,GA,4.6
2021-03-01,GA,4.4
2021-04-01,GA,4.3
2021-05-01,GA,4.1
2021-06-01,GA,4.0
2021-07-01,GA,3.9
2021-08-01,GA,3.7
2021-09-01,GA,3.5
2021-10-01,GA,3.4
2021-11-01,GA,3.3
2021-12-01,GA,3.2
2022-01-01,GA,3.1
2022-02-01,GA,3.1
2022-03-01,GA,3.0
2022-04-01,GA,3.0
2022-05-01,GA,3.0
2022-06-01,GA,3.1
2022-07-01,GA,3.1
2022-08-01,GA,3.2
2022-09-01,GA,3.2
2022-10-01,GA,3.3
2022-11-01,GA,3.3
2022-12-01,GA,3.3
2020-01-01,HI,2.2
2020-02-01,HI,2.2
2020-03-01,HI,2.1
2020-04-01,HI,22.5
2020-05-01,HI,20.8
2020-06-01,HI,17.4
2020-07-01,HI,15.6
2020-08-01,HI,13.1
2020-09-01,HI,13.4
2020-10-01,HI,11.4
2020-11-01,HI,10.6
2020-12-01,HI,10.2
2021-01-01,HI,9.5
2021-02-01,HI,9.1
2021-03-01,HI,8.4
2021-04-01,HI,7.7
2021-05-01,HI,6.8
2021-06-01,HI,6.3
2021-07-01,HI,5.4
2021-08-01,HI,4.7
2021-09-01,HI,4.0
2021-10-01,HI,3.3
2021-11-01,HI,3.2
2021-12-01,HI,3.1
2022-01-01,HI,3.1
2022-02-01,HI,3.2
2022-03-01,HI,3.2
2022-04-01,HI,3.3
2022-05-01,HI,3.3
2022-06-01,HI,3.3
2022-07-01,HI,3.3
2022-08-01,HI,3.3
2022-09-01,HI,3.3
2022-10-01,HI,3.3
2022-11-01,HI,3.3
2022-12-01,HI,3.2
2020-01-01,ID,2.8
2020-02-01,ID,2.8
2020-03-01,ID,2.7
2020-04-01,ID,11.8
2020-05-01,ID,9.1
2020-06-01,ID,7.5
2020-07-01,ID,6.6
2020-08-01,ID,5.4
2020-09-01,ID,5.0
2020-10-01,ID,4.4
2020-11-01,ID,4.2
2020-12-01,ID,4.2
2021-01-01,ID,4.1
2021-02-01,ID,4.1
2021-03-01,ID,4.0
2021-04-01,ID,3.9
2021-05-01,ID,3.7
2021-06-01,ID,3.6
2021-07-01,ID,3.5
2021-08-01,ID,3.4
2021-09-01,ID,3.3
2021-10-01,ID,3.1
2021-11-01,ID,3.0
2021-12-01,ID,2.9
2022-01-01,ID,2.8
2022-02-01,ID,2.7
2022-03-01,ID,2.7
2022-04-01,ID,2.7
2022-05-01,ID,2.7
2022-06-01,ID,2.8
2022-07-01,ID,2.9
2022-08-01,ID,2.9
2022-09-01,ID,3.0
2022-10-01,ID,3.0
2022-11-01,ID,3.0
2022-12-01,ID,2.9
2020-01-01,IL,3.7
2020-02-01,IL,3.9
2020-03-01,IL,5.1
2020-04-01,IL,18.1
2020-05-01,IL,14.7
2020-06-01,IL,12.6
2020-07-01,IL,11.4
2020-08-01,IL,9.7
2020-09-01,IL,9.0
2020-10-01,IL,8.1
2020-11-01,IL,7.8
2020-12-01,IL,7.6
2021-01-01,IL,7.2
2021-02-01,IL,7.0
2021-03-01,IL,6.8
2021-04-01,IL,6.7
2021-05-01,IL,6.5
2021-06-01,IL,6.4
2021-07-01,IL,6.2
2021-08-01,IL,5.9
2021-09-01,IL,5.5
2021-10-01,IL,5.2
2021-11-01,IL,5.0
2021-12-01,IL,4.8
2022-01-01,IL,4.7
2022-02-01,IL,4.7
2022-03-01,IL,4.6
2022-04-01,IL,4.5
2022-05-01,IL,4.5
2022-06-01,IL,4.5
2022-07-01,IL,4.5
2022-08-01,IL,4.5
2022-09-01,IL,4.6
2022-10-01,IL,4.6
2022-11-01,IL,4.6
2022-12-01,IL,4.5
2020-01-01,IN,3.3
2020-02-01,IN,3.4
2020-03-01,IN,3.5
2020-04-01,IN,16.8
2020-05-01,IN,12.5
2020-06-01,IN,10.3
2020-07-01,IN,8.9
2020-08-01,IN,7.2
2020-09-01,IN,6.5
2020-10-01,IN,5.6
2020-11-01,IN,5.2
2020-12-01,IN,5.0
2021-01-01,IN,4.7
2021-02-01,IN,4.6
2021-03-01,IN,4.5
2021-04-01,IN,4.4
2021-05-01,IN,4.2
2021-06-01,IN,4.1
2021-07-01,IN,3.9
2021-08-01,IN,3.7
2021-09-01,IN,3.5
2021-10-01,IN,3.3
2021-11-01,IN,3.1
2021-12-01,IN,3.0
2022-01-01,IN,2.9
2022-02-01,IN,2.9
2022-03-01,IN,2.8
2022-04-01,IN,2.9
2022-05-01,IN,2.9
2022-06-01,IN,3.0
2022-07-01,IN,3.1
2022-08-01,IN,3.2
2022-09-01,IN,3.2
2022-10-01,IN,3.3
2022-11-01,IN,3.3
2022-12-01,IN,3.3
2020-01-01,IA,2.7
2020-02-01,IA,2.7
2020-03-01,IA,2.6
2020-04-01,IA,11.0
2020-05-01,IA,8.4
2020-06-01,IA,6.8
2020-07-01,IA,5.9
2020-08-01,IA,5.0
2020-09-01,IA,4.6
2020-10-01,IA,4.3
2020-11-01,IA,4.2
2020-12-01,IA,4.2
2021-01-01,IA,4.2
2021-02-01,IA,4.2
2021-03-01,IA,4.3
2021-04-01,IA,4.3
2021-05-01,IA,4.3
2021-06-01,IA,4.2
2021-07-01,IA,4.0
2021-08-01,IA,3.8
2021-09-01,IA,3.6
2021-10-01,IA,3.3
2021-11-01,IA,3.1
2021-12-01,IA,2.9
2022-01-01,IA,2.7
2022-02-01,IA,2.6
2022-03-01,IA,2.5
2022-04-01,IA,2.5
2022-05-01,IA,2.6
2022-06-01,IA,2.7
2022-07-01,IA,2.8
2022-08-01,IA,3.0
2022-09-01,IA,3.1
2022-10-01,IA,3.1
2022-11-01,IA,3.1
2022-12-01,IA,3.0
2020-01-01,KS,3.1
2020-02-01,KS,3.1
2020-03-01,KS,3.1
2020-04-01,KS,12.1
2020-05-01,KS,9.1
2020-06-01,KS,7.4
2020-07-01,KS,6.7
2020-08-01,KS,5.8
2020-09-01,KS,5.4
2020-10-01,KS,4.9
2020-11-01,KS,4.7
2020-12-01,KS,4.4
2021-01-01,KS,4.0
2021-02-01,KS,3.8
2021-03-01,KS,3.7
2021-04-01,KS,3.6
2021-05-01,KS,3.6
2021-06-01,KS,3.5
2021-07-01,KS,3.4
2021-08-01,KS,3.3
2021-09-01,KS,3.1
2021-10-01,KS,2.9
2021-11-01,KS,2.7
2021-12-01,KS,2.6
2022-01-01,KS,2.5
2022-02-01,KS,2.5
2022-03-01,KS,2.5
2022-04-01,KS,2.5
2022-05-01,KS,2.5
2022-06-01,KS,2.6
2022-07-01,KS,2.6
2022-08-01,KS,2.7
2022-09-01,KS,2.7
2022-10-01,KS,2.8
2022-11-01,KS,2.8
2022-12-01,KS,2.8
2020-01-01,KY,4.1
2020-02-01,KY,4.1
2020-03-01,KY,4.2
2020-04-01,KY,16.8
2020-05-01,KY,12.8
2020-06-01,KY,5.3
2020-07-01,KY,5.8
2020-08-01,KY,5.2
2020-09-01,KY,5.0
2020-10-01,KY,4.8
2020-11-01,KY,4.8
2020-12-01,KY,4.7
2021-01-01,KY,4.6
2021-02-01,KY,4.6
2021-03-01,KY,4.6
2021-04-01,KY,4.6
2021-05-01,KY,4.5
2021-06-01,KY,4.6
2021-07-01,KY,4.6
2021-08-01,KY,4.5
2021-09-01,KY,4.4
2021-10-01,KY,4.3
2021-11-01,KY,4.2
2021-12-01,KY,4.1
2022-01-01,KY,4.0
2022-02-01,KY,4.0
2022-03-01,KY,3.9
2022-04-01,KY,3.9
2022-05-01,KY,4.0
2022-06-01,KY,4.0
2022-07-01,KY,4.0
2022-08-01,KY,4.1
2022-09-01,KY,4.1
2022-10-01,KY,4.1
2022-11-01,KY,4.1
2022-12-01,KY,4.1
2020-01-01,LA,4.8
2020-02-01,LA,4.7
2020-03-01,LA,6.7
2020-04-01,LA,13.5
2020-05-01,LA,12.3
2020-06-01,LA,11.0
2020-07-01,LA,10.4
2020-08-01,LA,9.2
2020-09-01,LA,8.7
2020-10-01,LA,8.0
2020-11-01,LA,7.6
2020-12-01,LA,7.4
2021-01-01,LA,7.0
2021-02-01,LA,6.8
2021-03-01,LA,6.6
2021-04-01,LA,6.4
2021-05-01,LA,6.1
2021-06-01,LA,5.9
2021-07-01,LA,5.5
2021-08-01,LA,5.2
2021-09-01,LA,4.8
2021-10-01,LA,4.5
2021-11-01,LA,4.3
2021-12-01,LA,4.1
2022-01-01,LA,4.0
2022-02-01,LA,3.8
2022-03-01,LA,3.7
2022-04-01,LA,3.6
2022-05-01,LA,3.6
2022-06-01,LA,3.5
2022-07-01,LA,3.5
2022-08-01,LA,3.5
2022-09-01,LA,3.6
2022-10-01,LA,3.6
2022-11-01,LA,3.6
2022-12-01,LA,3.6
2020-01-01,ME,3.2
2020-02-01,ME,3.2
2020-03-01,ME,3.2
2020-04-01,ME,9.3
2020-05-01,ME,9.5
2020-06-01,ME,6.6
2020-07-01,ME,6.3
2020-08-01,ME,4.2
2020-09-01,ME,4.0
2020-10-01,ME,3.8
2020-11-01,ME,3.9
2020-12-01,ME,4.2
2021-01-01,ME,4.4
2021-02-01,ME,4.7
2021-03-01,ME,4.9
2021-04-01,ME,5.1
2021-05-01,ME,5.0
2021-06-01,ME,5.1
2021-07-01,ME,4.9
2021-08-01,ME,4.8
2021-09-01,ME,4.6
2021-10-01,ME,4.4
2021-11-01,ME,4.2
2021-12-01,ME,3.9
2022-01-01,ME,3.7
2022-02-01,ME,3.3
2022-03-01,ME,3.0
2022-04-01,ME,2.8
2022-05-01,ME,2.7
2022-06-01,ME,2.6
2022-07-01,ME,2.6
2022-08-01,ME,2.5
2022-09-01,ME,2.7
2022-10-01,ME,2.8
2022-11-01,ME,2.8
2022-12-01,ME,2.7
2020-01-01,MD,3.3
2020-02-01,MD,3.4
2020-03-01,MD,3.4
2020-04-01,MD,9.0
2020-05-01,MD,8.8
2020-06-01,MD,8.1
2020-07-01,MD,7.8
2020-08-01,MD,7.1
2020-09-01,MD,7.0
2020-10-01,MD,6.6
2020-11-01,MD,6.5
2020-12-01,MD,6.6
2021-01-01,MD,6.3
2021-02-01,MD,6.2
2021-03-01,MD,6.1
2021-04-01,MD,5.9
2021-05-01,MD,5.7
2021-06-01,MD,5.7
2021-07-01,MD,5.3
2021-08-01,MD,5.1
2021-09-01,MD,4.6
2021-10-01,MD,4.3
2021-11-01,MD,3.9
2021-12-01,MD,3.6
2022-01-01,MD,3.5
2022-02-01,MD,3.3
2022-03-01,MD,3.1
2022-04-01,MD,3.0
2022-05-01,MD,3.0
2022-06-01,MD,3.0
2022-07-01,MD,3.0
2022-08-01,MD,3.0
2022-09-01,MD,2.9
2022-10-01,MD,2.8
2022-11-01,MD,2.7
2022-12-01,MD,2.5
2020-01-01,MA,3.0
2020-02-01,MA,3.0
2020-03-01,MA,3.0
2020-04-01,MA,17.4
2020-05-01,MA,14.9
2020-06-01,MA,14.5
2020-07-01,MA,12.6
2020-08-01,MA,10.4
2020-09-01,MA,9.7
2020-10-01,MA,8.5
2020-11-01,MA,7.9
2020-12-01,MA,7.6
2021-01-01,MA,6.9
2021-02-01,MA,6.5
2021-03-01,MA,6.2
2021-04-01,MA,6.1
2021-05-01,MA,5.7
2021-06-01,MA,5.7
2021-07-01,MA,5.3
2021-08-01,MA,5.1
2021-09-01,MA,4.7
2021-10-01,MA,4.5
2021-11-01,MA,4.2
2021-12-01,MA,3.9
2022-01-01,MA,3.9
2022-02-01,MA,3.8
2022-03-01,MA,3.6
2022-04-01,MA,3.6
2022-05-01,MA,3.7
2022-06-01,MA,3.6
2022-07-01,MA,3.6
2022-08-01,MA,3.7
2022-09-01,MA,3.6
2022-10-01,MA,3.7
2022-11-01,MA,3.6
2022-12-01,MA,3.5
2020-01-01,MI,3.7
2020-02-01,MI,3.7
2020-03-01,MI,3.7
2020-04-01,MI,22.6
2020-05-01,MI,19.2
2020-06-01,MI,14.5
2020-07-01,MI,12.5
2020-08-01,MI,10.0
2020-09-01,MI,8.9
2020-10-01,MI,7.7
2020-11-01,MI,7.1
2020-12-01,MI,7.0
2021-01-01,MI,6.5
2021-02-01,MI,6.3
2021-03-01,MI,6.2
2021-04-01,MI,6.2
2021-05-01,MI,6.2
2021-06-01,MI,6.2
2021-07-01,MI,6.0
2021-08-01,MI,5.8
2021-09-01,MI,5.4
2021-10-01,MI,5.1
2021-11-01,MI,4.8
2021-12-01,MI,4.5
2022-01-01,MI,4.4
2022-02-01,MI,4.3
2022-03-01,MI,4.2
2022-04-01,MI,4.1
2022-05-01,MI,4.0
2022-06-01,MI,4.0
2022-07-01,MI,4.0
2022-08-01,MI,4.0
2022-09-01,MI,4.1
2022-10-01,MI,4.2
2022-11-01,MI,4.2
2022-12-01,MI,4.1
2020-01-01,MN,3.4
2020-02-01,MN,3.5
2020-03-01,MN,3.6
2020-04-01,MN,8.9
2020-05-01,MN,11.2
2020-06-01,MN,8.9
2020-07-01,MN,7.9
2020-08-01,MN,6.7
2020-09-01,MN,6.1
2020-10-01,MN,5.4
2020-11-01,MN,5.0
2020-12-01,MN,4.8
2021-01-01,MN,4.4
2021-02-01,MN,4.2
2021-03-01,MN,4.1
2021-04-01,MN,4.0
2021-05-01,MN,3.9
2021-06-01,MN,3.8
2021-07-01,MN,3.7
2021-08-01,MN,3.6
2021-09-01,MN,3.4
2021-10-01,MN,3.3
2021-11-01,MN,3.1
2021-12-01,MN,2.9
2022-01-01,MN,2.7
2022-02-01,MN,2.5
2022-03-01,MN,2.4
2022-04-01,MN,2.3
2022-05-01,MN,2.3
2022-06-01,MN,2.3
2022-07-01,MN,2.4
2022-08-01,MN,2.5
2022-09-01,MN,2.7
2022-10-01,MN,2.7
2022-11-01,MN,2.8
2022-12-01,MN,2.8
2020-01-01,MS,5.6
2020-02-01,MS,5.8
2020-03-01,MS,5.9
2020-04-01,MS,15.6
2020-05-01,MS,11.2
2020-06-01,MS,9.4
2020-07-01,MS,8.3
2020-08-01,MS,7.4
2020-09-01,MS,7.1
2020-10-01,MS,6.8
2020-11-01,MS,6.7
2020-12-01,MS,6.6
2021-01-01,MS,6.5
2021-02-01,MS,6.3
2021-03-01,MS,6.2
2021-04-01,MS,6.1
2021-05-01,MS,5.9
2021-06-01,MS,5.7
2021-07-01,MS,5.5
2021-08-01,MS,5.2
2021-09-01,MS,4.9
2021-10-01,MS,4.6
2021-11-01,MS,4.4
2021-12-01,MS,4.2
2022-01-01,MS,4.1
2022-02-01,MS,3.9
2022-03-01,MS,3.8
2022-04-01,MS,3.7
2022-05-01,MS,3.7
2022-06-01,MS,3.7
2022-07-01,MS,3.7
2022-08-01,MS,3.8
2022-09-01,MS,3.8
2022-10-01,MS,3.8
2022-11-01,MS,3.8
2022-12-01,MS,3.6
2020-01-01,MO,3.4
2020-02-01,MO,3.4
2020-03-01,MO,3.5
2020-04-01,MO,11.6
2020-05-01,MO,9.6
2020-06-01,MO,8.0
2020-07-01,MO,7.2
2020-08-01,MO,6.4
2020-09-01,MO,5.9
2020-10-01,MO,5.4
2020-11-01,MO,5.2
2020-12-01,MO,5.0
2021-01-01,MO,4.9
2021-02-01,MO,4.8
2021-03-01,MO,4.8
2021-04-01,MO,4.7
2021-05-01,MO,4.5
2021-06-01,MO,4.3
2021-07-01,MO,4.1
2021-08-01,MO,3.9
2021-09-01,MO,3.7
2021-10-01,MO,3.5
2021-11-01,MO,3.3
2021-12-01,MO,3.2
2022-01-01,MO,3.0
2022-02-01,MO,2.7
2022-03-01,MO,2.5
2022-04-01,MO,2.4
2022-05-01,MO,2.3
2022-06-01,MO,2.3
2022-07-01,MO,2.4
2022-08-01,MO,2.5
2022-09-01,MO,2.7
2022-10-01,MO,2.8
2022-11-01,MO,2.8
2022-12-01,MO,2.8
2020-01-01,MT,3.6
2020-02-01,MT,3.5
2020-03-01,MT,3.5
2020-04-01,MT,12.0
2020-05-01,MT,9.2
2020-06-01,MT,7.6
2020-07-01,MT,6.7
2020-08-01,MT,5.6
2020-09-01,MT,5.2
2020-10-01,MT,4.6
2020-11-01,MT,4.4
2020-12-01,MT,4.2
2021-01-01,MT,4.0
2021-02-01,MT,3.9
2021-03-01,MT,3.8
2021-04-01,MT,3.7
2021-05-01,MT,3.6
2021-06-01,MT,3.5
2021-07-01,MT,3.4
2021-08-01,MT,3.3
2021-09-01,MT,3.1
2021-10-01,MT,3.0
2021-11-01,MT,2.8
2021-12-01,MT,2.7
2022-01-01,MT,2.7
2022-02-01,MT,2.6
2022-03-01,MT,2.6
2022-04-01,MT,2.7
2022-05-01,MT,2.7
2022-06-01,MT,2.7
2022-07-01,MT,2.8
2022-08-01,MT,2.8
2022-09-01,MT,2.7
2022-10-01,MT,2.7
2022-11-01,MT,2.6
2022-12-01,MT,2.6
2020-01-01,NE,3.0
2020-02-01,NE,3.0
2020-03-01,NE,4.4
2020-04-01,NE,8.2
2020-05-01,NE,6.4
2020-06-01,NE,5.2
2020-07-01,NE,4.6
2020-08-01,NE,3.9
2020-09-01,NE,3.5
2020-10-01,NE,3.1
2020-11-01,NE,3.0
2020-12-01,NE,3.0
2021-01-01,NE,2.9
2021-02-01,NE,2.9
2021-03-01,NE,2.9
2021-04-01,NE,2.8
2021-05-01,NE,2.7
2021-06-01,NE,2.7
2021-07-01,NE,2.6
2021-08-01,NE,2.5
2021-09-01,NE,2.4
2021-10-01,NE,2.3
2021-11-01,NE,2.2
2021-12-01,NE,2.1
2022-01-01,NE,2.0
2022-02-01,NE,2.0
2022-03-01,NE,1.9
2022-04-01,NE,1.9
2022-05-01,NE,2.0
2022-06-01,NE,2.1
2022-07-01,NE,2.2
2022-08-01,NE,2.3
2022-09-01,NE,2.4
2022-10-01,NE,2.4
2022-11-01,NE,2.3
2022-12-01,NE,2.2
2020-01-01,NV,4.2
2020-02-01,NV,4.4
2020-03-01,NV,7.3
2020-04-01,NV,30.6
2020-05-01,NV,24.7
2020-06-01,NV,18.9
2020-07-01,NV,16.7
2020-08-01,NV,13.9
2020-09-01,NV,12.7
2020-10-01,NV,11.2
2020-11-01,NV,10.3
2020-12-01,NV,9.7
2021-01-01,NV,8.9
2021-02-01,NV,8.5
2021-03-01,NV,8.0
2021-04-01,NV,7.6
2021-05-01,NV,7.2
2021-06-01,NV,6.9
2021-07-01,NV,6.5
2021-08-01,NV,6.2
2021-09-01,NV,5.9
2021-10-01,NV,5.6
2021-11-01,NV,5.4
2021-12-01,NV,5.3
2022-01-01,NV,5.2
2022-02-01,NV,5.2
2022-03-01,NV,5.1
2022-04-01,NV,5.1
2022-05-01,NV,5.1
2022-06-01,NV,5.1
2022-07-01,NV,5.2
2022-08-01,NV,5.2
2022-09-01,NV,5.3
2022-10-01,NV,5.3
2022-11-01,NV,5.3
2022-12-01,NV,5.3
2020-01-01,NH,2.6
2020-02-01,NH,2.6
2020-03-01,NH,2.6
2020-04-01,NH,16.0
2020-05-01,NH,11.8
2020-06-01,NH,9.6
2020-07-01,NH,8.3
2020-08-01,NH,6.7
2020-09-01,NH,6.1
2020-10-01,NH,5.2
2020-11-01,NH,4.8
2020-12-01,NH,4.6
2021-01-01,NH,4.2
2021-02-01,NH,4.1
2021-03-01,NH,4.0
2021-04-01,NH,3.9
2021-05-01,NH,3.7
2021-06-01,NH,3.6
2021-07-01,NH,3.4
2021-08-01,NH,3.2
2021-09-01,NH,3.0
2021-10-01,NH,2.8
2021-11-01,NH,2.6
2021-12-01,NH,2.4
2022-01-01,NH,2.3
2022-02-01,NH,2.3
2022-03-01,NH,2.2
2022-04-01,NH,2.2
2022-05-01,NH,2.2
2022-06-01,NH,2.2
2022-07-01,NH,2.3
2022-08-01,NH,2.3
2022-09-01,NH,2.4
2022-10-01,NH,2.4
2022-11-01,NH,2.3
2022-12-01,NH,2.2
2020-01-01,NJ,4.0
2020-02-01,NJ,4.1
2020-03-01,NJ,4.1
2020-04-01,NJ,15.0
2020-05-01,NJ,15.4
2020-06-01,NJ,14.5
2020-07-01,NJ,14.4
2020-08-01,NJ,13.3
2020-09-01,NJ,7.4
2020-10-01,NJ,7.1
2020-11-01,NJ,7.2
2020-12-01,NJ,7.2
2021-01-01,NJ,7.3
2021-02-01,NJ,7.3
2021-03-01,NJ,7.2
2021-04-01,NJ,7.2
2021-05-01,NJ,7.0
2021-06-01,NJ,7.2
2021-07-01,NJ,6.9
2021-08-01,NJ,6.8
2021-09-01,NJ,6.3
2021-10-01,NJ,6.0
2021-11-01,NJ,5.7
2021-12-01,NJ,5.6
2022-01-01,NJ,5.2
2022-02-01,NJ,4.7
2022-03-01,NJ,4.3
2022-04-01,NJ,4.1
2022-05-01,NJ,3.8
2022-06-01,NJ,3.6
2022-07-01,NJ,3.3
2022-08-01,NJ,3.1
2022-09-01,NJ,3.3
2022-10-01,NJ,3.5
2022-11-01,NJ,3.7
2022-12-01,NJ,3.8
2020-01-01,NM,5.1
2020-02-01,NM,5.3
2020-03-01,NM,5.9
2020-04-01,NM,9.0
2020-05-01,NM,9.3
2020-06-01,NM,9.0
2020-07-01,NM,9.0
2020-08-01,NM,8.6
2020-09-01,NM,8.7
2020-10-01,NM,8.4
2020-11-01,NM,8.4
2020-12-01,NM,8.4
2021-01-01,NM,8.2
2021-02-01,NM,8.2
2021-03-01,NM,8.0
2021-04-01,NM,7.9
2021-05-01,NM,7.5
2021-06-01,NM,7.4
2021-07-01,NM,7.1
2021-08-01,NM,6.8
2021-09-01,NM,6.3
2021-10-01,NM,6.0
2021-11-01,NM,5.8
2021-12-01,NM,5.6
2022-01-01,NM,5.4
2022-02-01,NM,5.0
2022-03-01,NM,4.6
2022-04-01,NM,4.4
2022-05-01,NM,4.1
2022-06-01,NM,3.9
2022-07-01,NM,3.6
2022-08-01,NM,3.4
2022-09-01,NM,3.5
2022-10-01,NM,3.6
2022-11-01,NM,3.6
2022-12-01,NM,3.6
2020-01-01,NY,4.1
2020-02-01,NY,4.1
2020-03-01,NY,4.2
2020-04-01,NY,15.6
2020-05-01,NY,16.7
2020-06-01,NY,13.6
2020-07-01,NY,12.5
2020-08-01,NY,10.8
2020-09-01,NY,10.2
2020-10-01,NY,9.2
2020-11-01,NY,9.0
2020-12-01,NY,8.7
2021-01-01,NY,8.6
2021-02-01,NY,8.4
2021-03-01,NY,8.1
2021-04-01,NY,7.9
2021-05-01,NY,7.5
2021-06-01,NY,7.5
2021-07-01,NY,7.0
2021-08-01,NY,6.8
2021-09-01,NY,6.3
2021-10-01,NY,5.9
2021-11-01,NY,5.6
2021-12-01,NY,5.5
2022-01-01,NY,5.2
2022-02-01,NY,4.8
2022-03-01,NY,4.6
2022-04-01,NY,4.4
2022-05-01,NY,4.3
2022-06-01,NY,4.2
2022-07-01,NY,4.0
2022-08-01,NY,3.9
2022-09-01,NY,4.0
2022-10-01,NY,4.1
2022-11-01,NY,4.2
2022-12-01,NY,4.2
2020-01-01,NC,3.8
2020-02-01,NC,3.8
2020-03-01,NC,4.0
2020-04-01,NC,14.2
2020-05-01,NC,11.6
2020-06-01,NC,9.7
2020-07-01,NC,8.7
2020-08-01,NC,7.3
2020-09-01,NC,6.7
2020-10-01,NC,6.0
2020-11-01,NC,5.8
2020-12-01,NC,5.8
2021-01-01,NC,5.6
2021-02-01,NC,5.5
2021-03-01,NC,5.4
2021-04-01,NC,5.3
2021-05-01,NC,5.2
2021-06-01,NC,5.1
2021-07-01,NC,4.9
2021-08-01,NC,4.8
2021-09-01,NC,4.5
2021-10-01,NC,4.3
2021-11-01,NC,4.1
2021-12-01,NC,3.9
2022-01-01,NC,3.7
2022-02-01,NC,3.6
2022-03-01,NC,3.5
2022-04-01,NC,3.5
2022-05-01,NC,3.6
2022-06-01,NC,3.6
2022-07-01,NC,3.7
2022-08-01,NC,3.8
2022-09-01,NC,3.9
2022-10-01,NC,3.8
2022-11-01,NC,3.8
2022-12-01,NC,3.7
2020-01-01,ND,2.0
2020-02-01,ND,2.2
2020-03-01,ND,2.4
2020-04-01,ND,8.7
2020-05-01,ND,7.3
2020-06-01,ND,6.4
2020-07-01,ND,6.1
2020-08-01,ND,5.5
2020-09-01,ND,5.2
2020-10-01,ND,4.8
2020-11-01,ND,4.5
2020-12-01,ND,4.3
2021-01-01,ND,4.0
2021-02-01,ND,3.8
2021-03-01,ND,3.6
2021-04-01,ND,3.4
2021-05-01,ND,3.2
2021-06-01,ND,3.0
2021-07-01,ND,2.8
2021-08-01,ND,2.7
2021-09-01,ND,2.5
2021-10-01,ND,2.4
2021-11-01,ND,2.3
2021-12-01,ND,2.3
2022-01-01,ND,2.2
2022-02-01,ND,2.1
2022-03-01,ND,2.0
2022-04-01,ND,2.0
2022-05-01,ND,1.9
2022-06-01,ND,1.9
2022-07-01,ND,1.9
2022-08-01,ND,2.0
2022-09-01,ND,2.0
2022-10-01,ND,2.0
2022-11-01,ND,2.0
2022-12-01,ND,2.0
2020-01-01,OH,4.4
2020-02-01,OH,4.6
2020-03-01,OH,4.8
2020-04-01,OH,16.5
2020-05-01,OH,12.8
2020-06-01,OH,10.9
2020-07-01,OH,9.8
2020-08-01,OH,8.3
2020-09-01,OH,7.6
2020-10-01,OH,6.8
2020-11-01,OH,6.4
2020-12-01,OH,6.3
2021-01-01,OH,6.0
2021-02-01,OH,5.9
2021-03-01,OH,5.8
2021-04-01,OH,5.7
2021-05-01,OH,5.5
2021-06-01,OH,5.3
2021-07-01,OH,5.1
2021-08-01,OH,4.9
2021-09-01,OH,4.7
2021-10-01,OH,4.5
2021-11-01,OH,4.3
2021-12-01,OH,4.2
2022-01-01,OH,4.1
2022-02-01,OH,4.0
2022-03-01,OH,3.9
2022-04-01,OH,3.9
2022-05-01,OH,3.9
2022-06-01,OH,3.9
2022-07-01,OH,4.0
2022-08-01,OH,4.1
2022-09-01,OH,4.1
2022-10-01,OH,4.1
2022-11-01,OH,4.0
2022-12-01,OH,3.9
2020-01-01,OK,3.1
2020-02-01,OK,3.2
2020-03-01,OK,3.2
2020-04-01,OK,12.5
2020-05-01,OK,9.8
2020-06-01,OK,8.2
2020-07-01,OK,7.4
2020-08-01,OK,6.3
2020-09-01,OK,6.0
2020-10-01,OK,5.5
2020-11-01,OK,5.3
2020-12-01,OK,5.2
2021-01-01,OK,5.0
2021-02-01,OK,4.9
2021-03-01,OK,4.8
2021-04-01,OK,4.7
2021-05-01,OK,4.5
2021-06-01,OK,4.3
2021-07-01,OK,4.0
2021-08-01,OK,3.7
2021-09-01,OK,3.4
2021-10-01,OK,3.2
2021-11-01,OK,3.0
2021-12-01,OK,2.9
2022-01-01,OK,2.9
2022-02-01,OK,2.9
2022-03-01,OK,2.9
2022-04-01,OK,2.9
2022-05-01,OK,2.9
2022-06-01,OK,3.0
2022-07-01,OK,3.1
2022-08-01,OK,3.2
2022-09-01,OK,3.2
2022-10-01,OK,3.2
2022-11-01,OK,3.2
2022-12-01,OK,3.1
2020-01-01,OR,3.5
2020-02-01,OR,3.6
2020-03-01,OR,3.7
2020-04-01,OR,13.7
2020-05-01,OR,11.8
2020-06-01,OR,10.2
2020-07-01,OR,9.2
2020-08-01,OR,8.0
2020-09-01,OR,7.5
2020-10-01,OR,6.8
2020-11-01,OR,6.6
2020-12-01,OR,6.6
2021-01-01,OR,6.4
2021-02-01,OR,6.2
2021-03-01,OR,6.1
2021-04-01,OR,5.9
2021-05-01,OR,5.6
2021-06-01,OR,5.4
2021-07-01,OR,5.0
2021-08-01,OR,4.7
2021-09-01,OR,4.4
2021-10-01,OR,4.2
2021-11-01,OR,4.0
2021-12-01,OR,3.9
2022-01-01,OR,3.9
2022-02-01,OR,3.7
2022-03-01,OR,3.7
2022-04-01,OR,3.7
2022-05-01,OR,3.7
2022-06-01,OR,3.8
2022-07-01,OR,3.9
2022-08-01,OR,4.0
2022-09-01,OR,4.2
2022-10-01,OR,4.2
2022-11-01,OR,4.2
2022-12-01,OR,4.0
2020-01-01,PA,4.5
2020-02-01,PA,4.7
2020-03-01,PA,4.9
2020-04-01,PA,16.1
2020-05-01,PA,12.9
2020-06-01,PA,11.3
2020-07-01,PA,10.4
2020-08-01,PA,9.3
2020-09-01,PA,8.8
2020-10-01,PA,8.1
2020-11-01,PA,7.9
2020-12-01,PA,7.6
2021-01-01,PA,7.4
2021-02-01,PA,7.1
2021-03-01,PA,6.8
2021-04-01,PA,6.6
2021-05-01,PA,6.3
2021-06-01,PA,6.1
2021-07-01,PA,5.9
2021-08-01,PA,5.6
2021-09-01,PA,5.2
2021-10-01,PA,4.9
2021-11-01,PA,4.7
2021-12-01,PA,4.5
2022-01-01,PA,4.3
2022-02-01,PA,4.2
2022-03-01,PA,4.2
2022-04-01,PA,4.1
2022-05-01,PA,4.1
2022-06-01,PA,4.1
2022-07-01,PA,4.0
2022-08-01,PA,4.0
2022-09-01,PA,4.0
2022-10-01,PA,3.9
2022-11-01,PA,3.9
2022-12-01,PA,3.8
2020-01-01,RI,3.6
2020-02-01,RI,3.7
2020-03-01,RI,3.7
2020-04-01,RI,17.9
2020-05-01,RI,15.4
2020-06-01,RI,13.3
2020-07-01,RI,12.2
2020-08-01,RI,10.3
2020-09-01,RI,9.9
2020-10-01,RI,7.0
2020-11-01,RI,7.0
2020-12-01,RI,6.9
2021-01-01,RI,6.6
2021-02-01,RI,6.4
2021-03-01,RI,6.2
2021-04-01,RI,6.2
2021-05-01,RI,6.0
2021-06-01,RI,6.0
2021-07-01,RI,5.8
2021-08-01,RI,5.5
2021-09-01,RI,5.1
2021-10-01,RI,4.6
2021-11-01,RI,4.1
2021-12-01,RI,3.7
2022-01-01,RI,3.5
2022-02-01,RI,3.3
2022-03-01,RI,3.1
2022-04-01,RI,3.0
2022-05-01,RI,3.0
2022-06-01,RI,3.1
2022-07-01,RI,3.2
2022-08-01,RI,3.3
2022-09-01,RI,3.2
2022-10-01,RI,3.2
2022-11-01,RI,3.1
2022-12-01,RI,3.0
2020-01-01,SC,2.8
2020-02-01,SC,2.9
2020-03-01,SC,3.1
2020-04-01,SC,11.8
2020-05-01,SC,9.2
2020-06-01,SC,7.8
2020-07-01,SC,7.0
2020-08-01,SC,6.1
2020-09-01,SC,5.8
2020-10-01,SC,5.3
2020-11-01,SC,5.0
2020-12-01,SC,4.8
2021-01-01,SC,4.6
2021-02-01,SC,4.4
2021-03-01,SC,4.3
2021-04-01,SC,4.2
2021-05-01,SC,4.1
2021-06-01,SC,4.1
2021-07-01,SC,3.9
2021-08-01,SC,3.8
2021-09-01,SC,3.7
2021-10-01,SC,3.5
2021-11-01,SC,3.4
2021-12-01,SC,3.3
2022-01-01,SC,3.3
2022-02-01,SC,3.2
2022-03-01,SC,3.2
2022-04-01,SC,3.2
2022-05-01,SC,3.2
2022-06-01,SC,3.2
2022-07-01,SC,3.2
2022-08-01,SC,3.2
2022-09-01,SC,3.3
2022-10-01,SC,3.2
2022-11-01,SC,3.2
2022-12-01,SC,3.1
2020-01-01,SD,2.6
2020-02-01,SD,2.5
2020-03-01,SD,2.4
2020-04-01,SD,8.8
2020-05-01,SD,6.6
2020-06-01,SD,5.3
2020-07-01,SD,4.7
2020-08-01,SD,4.0
2020-09-01,SD,3.7
2020-10-01,SD,3.3
2020-11-01,SD,3.2
2020-12-01,SD,3.1
2021-01-01,SD,2.9
2021-02-01,SD,2.9
2021-03-01,SD,2.8
2021-04-01,SD,2.8
2021-05-01,SD,2.8
2021-06-01,SD,2.8
2021-07-01,SD,2.7
2021-08-01,SD,2.6
2021-09-01,SD,2.5
2021-10-01,SD,2.3
2021-11-01,SD,2.2
2021-12-01,SD,2.1
2022-01-01,SD,2.0
2022-02-01,SD,1.9
2022-03-01,SD,1.9
2022-04-01,SD,1.9
2022-05-01,SD,1.9
2022-06-01,SD,2.0
2022-07-01,SD,2.0
2022-08-01,SD,2.1
2022-09-01,SD,2.1
2022-10-01,SD,2.1
2022-11-01,SD,2.0
2022-12-01,SD,2.0
2020-01-01,TN,3.5
2020-02-01,TN,3.5
2020-03-01,TN,3.5
2020-04-01,TN,15.8
2020-05-01,TN,12.1
2020-06-01,TN,10.2
2020-07-01,TN,9.0
2020-08-01,TN,7.6
2020-09-01,TN,7.1
2020-10-01,TN,6.3
2020-11-01,TN,5.9
2020-12-01,TN,5.6
2021-01-01,TN,5.4
2021-02-01,TN,5.2
2021-03-01,TN,5.1
2021-04-01,TN,5.0
2021-05-01,TN,4.8
2021-06-01,TN,4.7
2021-07-01,TN,4.4
2021-08-01,TN,4.2
2021-09-01,TN,3.9
2021-10-01,TN,3.8
2021-11-01,TN,3.6
2021-12-01,TN,3.5
2022-01-01,TN,3.4
2022-02-01,TN,3.4
2022-03-01,TN,3.3
2022-04-01,TN,3.3
2022-05-01,TN,3.3
2022-06-01,TN,3.3
2022-07-01,TN,3.3
2022-08-01,TN,3.4
2022-09-01,TN,3.4
2022-10-01,TN,3.5
2022-11-01,TN,3.5
2022-12-01,TN,3.5
2020-01-01,TX,3.5
2020-02-01,TX,3.6
2020-03-01,TX,5.0
2020-04-01,TX,12.8
2020-05-01,TX,11.6
2020-06-01,TX,10.1
2020-07-01,TX,9.3
2020-08-01,TX,8.1
2020-09-01,TX,7.7
2020-10-01,TX,7.1
2020-11-01,TX,7.0
2020-12-01,TX,6.9
2021-01-01,TX,6.7
2021-02-01,TX,6.6
2021-03-01,TX,6.4
2021-04-01,TX,6.2
2021-05-01,TX,6.0
2021-06-01,TX,5.8
2021-07-01,TX,5.6
2021-08-01,TX,5.3
2021-09-01,TX,5.1
2021-10-01,TX,4.9
2021-11-01,TX,4.6
2021-12-01,TX,4.5
2022-01-01,TX,4.3
2022-02-01,TX,4.1
2022-03-01,TX,3.9
2022-04-01,TX,3.8
2022-05-01,TX,3.8
2022-06-01,TX,3.8
2022-07-01,TX,3.8
2022-08-01,TX,3.8
2022-09-01,TX,3.9
2022-10-01,TX,4.0
2022-11-01,TX,4.0
2022-12-01,TX,4.1
2020-01-01,UT,2.5
2020-02-01,UT,2.5
2020-03-01,UT,2.5
2020-04-01,UT,10.0
2020-05-01,UT,7.7
2020-06-01,UT,6.4
2020-07-01,UT,5.7
2020-08-01,UT,4.9
2020-09-01,UT,4.5
2020-10-01,UT,4.0
2020-11-01,UT,3.8
2020-12-01,UT,3.6
2021-01-01,UT,3.4
2021-02-01,UT,3.2
2021-03-01,UT,3.1
2021-04-01,UT,3.0
2021-05-01,UT,2.9
2021-06-01,UT,2.8
2021-07-01,UT,2.7
2021-08-01,UT,2.6
2021-09-01,UT,2.5
2021-10-01,UT,2.4
2021-11-01,UT,2.3
2021-12-01,UT,2.2
2022-01-01,UT,2.2
2022-02-01,UT,2.2
2022-03-01,UT,2.2
2022-04-01,UT,2.3
2022-05-01,UT,2.3
2022-06-01,UT,2.3
2022-07-01,UT,2.4
2022-08-01,UT,2.4
2022-09-01,UT,2.5
2022-10-01,UT,2.5
2022-11-01,UT,2.5
2022-12-01,UT,2.5
2020-01-01,VT,2.0
2020-02-01,VT,2.1
2020-03-01,VT,2.4
2020-04-01,VT,14.1
2020-05-01,VT,9.5
2020-06-01,VT,7.8
2020-07-01,VT,6.7
2020-08-01,VT,5.5
2020-09-01,VT,4.9
2020-10-01,VT,4.4
2020-11-01,VT,4.2
2020-12-01,VT,4.3
2021-01-01,VT,4.4
2021-02-01,VT,4.4
2021-03-01,VT,4.4
2021-04-01,VT,4.2
2021-05-01,VT,3.9
2021-06-01,VT,3.7
2021-07-01,VT,3.4
2021-08-01,VT,3.2
2021-09-01,VT,3.1
2021-10-01,VT,2.9
2021-11-01,VT,2.8
2021-12-01,VT,2.6
2022-01-01,VT,2.4
2022-02-01,VT,2.3
2022-03-01,VT,2.2
2022-04-01,VT,2.2
2022-05-01,VT,2.2
2022-06-01,VT,2.2
2022-07-01,VT,2.3
2022-08-01,VT,2.4
2022-09-01,VT,2.5
2022-10-01,VT,2.5
2022-11-01,VT,2.4
2022-12-01,VT,2.3
2020-01-01,VA,2.8
2020-02-01,VA,2.9
2020-03-01,VA,3.2
2020-04-01,VA,12.0
2020-05-01,VA,10.0
2020-06-01,VA,8.9
2020-07-01,VA,8.2
2020-08-01,VA,7.2
2020-09-01,VA,6.6
2020-10-01,VA,5.8
2020-11-01,VA,5.3
2020-12-01,VA,5.0
2021-01-01,VA,4.8
2021-02-01,VA,4.7
2021-03-01,VA,4.5
2021-04-01,VA,4.4
2021-05-01,VA,4.2
2021-06-01,VA,4.0
2021-07-01,VA,3.8
2021-08-01,VA,3.5
2021-09-01,VA,3.3
2021-10-01,VA,3.1
2021-11-01,VA,3.0
2021-12-01,VA,2.9
2022-01-01,VA,2.8
2022-02-01,VA,2.7
2022-03-01,VA,2.7
2022-04-01,VA,2.6
2022-05-01,VA,2.5
2022-06-01,VA,2.5
2022-07-01,VA,2.6
2022-08-01,VA,2.7
2022-09-01,VA,2.8
2022-10-01,VA,3.0
2022-11-01,VA,3.1
2022-12-01,VA,3.1
2020-01-01,WA,3.7
2020-02-01,WA,3.8
2020-03-01,WA,5.2
2020-04-01,WA,16.7
2020-05-01,WA,13.4
2020-06-01,WA,11.5
2020-07-01,WA,10.4
2020-08-01,WA,8.8
2020-09-01,WA,8.1
2020-10-01,WA,7.2
2020-11-01,WA,6.9
2020-12-01,WA,6.7
2021-01-01,WA,6.4
2021-02-01,WA,6.2
2021-03-01,WA,6.0
2021-04-01,WA,5.7
2021-05-01,WA,5.5
2021-06-01,WA,5.4
2021-07-01,WA,5.2
2021-08-01,WA,5.0
2021-09-01,WA,4.7
2021-10-01,WA,4.5
2021-11-01,WA,4.2
2021-12-01,WA,4.1
2022-01-01,WA,4.0
2022-02-01,WA,4.0
2022-03-01,WA,3.9
2022-04-01,WA,3.9
2022-05-01,WA,3.9
2022-06-01,WA,4.0
2022-07-01,WA,4.0
2022-08-01,WA,4.1
2022-09-01,WA,4.2
2022-10-01,WA,4.3
2022-11-01,WA,4.3
2022-12-01,WA,4.2
2020-01-01,WV,5.3
2020-02-01,WV,5.3
2020-03-01,WV,5.4
2020-04-01,WV,15.8
2020-05-01,WV,12.4
2020-06-01,WV,10.5
2020-07-01,WV,9.4
2020-08-01,WV,8.1
2020-09-01,WV,7.5
2020-10-01,WV,6.9
2020-11-01,WV,6.5
2020-12-01,WV,6.3
2021-01-01,WV,6.1
2021-02-01,WV,6.0
2021-03-01,WV,5.9
2021-04-01,WV,5.7
2021-05-01,WV,5.5
2021-06-01,WV,5.4
2021-07-01,WV,5.1
2021-08-01,WV,4.9
2021-09-01,WV,4.6
2021-10-01,WV,4.4
2021-11-01,WV,4.2
2021-12-01,WV,4.0
2022-01-01,WV,3.9
2022-02-01,WV,3.8
2022-03-01,WV,3.8
2022-04-01,WV,3.8
2022-05-01,WV,3.8
2022-06-01,WV,3.9
2022-07-01,WV,4.0
2022-08-01,WV,4.0
2022-09-01,WV,4.0
2022-10-01,WV,4.0
2022-11-01,WV,3.8
2022-12-01,WV,3.7
2020-01-01,WI,3.1
2020-02-01,WI,3.1
2020-03-01,WI,3.0
2020-04-01,WI,14.0
2020-05-01,WI,10.6
2020-06-01,WI,8.7
2020-07-01,WI,7.7
2020-08-01,WI,6.4
2020-09-01,WI,5.8
2020-10-01,WI,5.2
2020-11-01,WI,5.0
2020-12-01,WI,4.9
2021-01-01,WI,4.7
2021-02-01,WI,4.6
2021-03-01,WI,4.4
2021-04-01,WI,4.3
2021-05-01,WI,4.1
2021-06-01,WI,4.0
2021-07-01,WI,3.8
2021-08-01,WI,3.6
2021-09-01,WI,3.4
2021-10-01,WI,3.3
2021-11-01,WI,3.1
2021-12-01,WI,3.0
2022-01-01,WI,3.0
2022-02-01,WI,2.9
2022-03-01,WI,2.9
2022-04-01,WI,2.9
2022-05-01,WI,2.9
2022-06-01,WI,2.9
2022-07-01,WI,2.9
2022-08-01,WI,2.9
2022-09-01,WI,3.0
2022-10-01,WI,2.9
2022-11-01,WI,2.8
2022-12-01,WI,2.7
2020-01-01,WY,4.4
2020-02-01,WY,4.6
2020-03-01,WY,4.8
2020-04-01,WY,5.1
2020-05-01,WY,8.7
2020-06-01,WY,7.3
2020-07-01,WY,6.8
2020-08-01,WY,6.2
2020-09-01,WY,5.9
2020-10-01,WY,5.6
2020-11-01,WY,5.5
2020-12-01,WY,5.4
2021-01-01,WY,5.3
2021-02-01,WY,5.3
2021-03-01,WY,5.2
2021-04-01,WY,5.0
2021-05-01,WY,4.9
2021-06-01,WY,4.7
2021-07-01,WY,4.5
2021-08-01,WY,4.3
2021-09-01,WY,4.1
2021-10-01,WY,3.9
2021-11-01,WY,3.7
2021-12-01,WY,3.6
2022-01-01,WY,3.5
2022-02-01,WY,3.4
2022-03-01,WY,3.3
2022-04-01,WY,3.3
2022-05-01,WY,3.3
2022-06-01,WY,3.4
2022-07-01,WY,3.4
2022-08-01,WY,3.5
2022-09-01,WY,3.5
2022-10-01,WY,3.5
2022-11-01,WY,3.5
2022-12-01,WY,3.4
